ID,month,day,FuncUse_non_paretic_day,FuncUse_paretic_day,FuncUseRatio_day
C1P01,1,1,546.0,105.0,0.16129032258064516
C1P01,1,2,567.0,60.0,0.09569377990430622
C1P01,1,3,638.0,106.0,0.1424731182795699
C1P01,1,4,535.0,89.0,0.14262820512820512
C1P01,1,5,496.0,84.0,0.14482758620689656
C1P01,1,6,400.0,77.0,0.16142557651991615
C1P01,1,7,560.0,129.0,0.18722786647314948
C1P01,1,8,106.0,35.0,0.24822695035460993
C1P01,1,9,24.0,16.0,0.4
C1P01,1,10,0.0,0.0,
